length,l,m,s,sd3neg,sd2neg,sd1neg,sd0,sd1,sd2,sd3,age_cat_1,sex
45,-.38330001,2.4607,.090290003,1.9,2.0999999,2.3,2.5,2.7,3,3.3,0-2,0
45,-.35210001,2.441,.091820002,1.9,2,2.2,2.4000001,2.7,3,3.3,0-2,1
45.5,-.38330001,2.5457001,.090329997,2,2.0999999,2.3,2.5,2.8,3.0999999,3.4000001,0-2,0
45.5,-.35210001,2.5244,.091530003,1.9,2.0999999,2.3,2.5,2.8,3.0999999,3.4000001,0-2,1
46,-.38330001,2.6306,.090369999,2,2.2,2.4000001,2.5999999,2.9000001,3.2,3.5,0-2,0
46,-.35210001,2.6077001,.091240004,2,2.2,2.4000001,2.5999999,2.9000001,3.0999999,3.5,0-2,1
46.5,-.35210001,2.6912999,.090939999,2.0999999,2.3,2.5,2.7,3,3.2,3.5999999,0-2,1
46.5,-.38330001,2.7155001,.090400003,2.0999999,2.3,2.5,2.7,3,3.3,3.5999999,0-2,0
47,-.35210001,2.7755001,.09065,2.0999999,2.3,2.5,2.8,3,3.3,3.7,0-2,1
47,-.38330001,2.8006999,.090439998,2.2,2.4000001,2.5999999,2.8,3.0999999,3.4000001,3.7,0-2,0
47.5,-.38330001,2.8866999,.09048,2.2,2.4000001,2.5999999,2.9000001,3.2,3.5,3.8,0-2,0
47.5,-.35210001,2.8608999,.090360001,2.2,2.4000001,2.5999999,2.9000001,3.0999999,3.4000001,3.8,0-2,1
48,-.35210001,2.948,.090070002,2.3,2.5,2.7,2.9000001,3.2,3.5999999,3.9000001,0-2,1
48,-.38330001,2.9741001,.090520002,2.3,2.5,2.7,3,3.3,3.5999999,4,0-2,0
48.5,-.38330001,3.0636001,.090559997,2.4000001,2.5999999,2.8,3.0999999,3.4000001,3.7,4.0999999,0-2,0
48.5,-.35210001,3.0376999,.089769997,2.3,2.5999999,2.8,3,3.3,3.7,4,0-2,1
49,-.35210001,3.1308,.089479998,2.4000001,2.5999999,2.9000001,3.0999999,3.4000001,3.8,4.1999998,0-2,1
49,-.38330001,3.1559999,.090599999,2.4000001,2.5999999,2.9000001,3.2,3.5,3.8,4.1999998,0-2,0
49.5,-.38330001,3.2520001,.090640001,2.5,2.7,3,3.3,3.5999999,3.9000001,4.3000002,0-2,0
49.5,-.35210001,3.2276001,.089189999,2.5,2.7,3,3.2,3.5,3.9000001,4.3000002,0-2,1
50,-.38330001,3.3518,.090680003,2.5999999,2.8,3.0999999,3.4000001,3.7,4,4.5,0-2,0
50,-.35210001,3.3278,.0889,2.5999999,2.8,3,3.3,3.5999999,4,4.4000001,0-2,1
50.5,-.35210001,3.4310999,.088610001,2.7,2.9000001,3.0999999,3.4000001,3.8,4.0999999,4.5,0-2,1
50.5,-.38330001,3.4556999,.090719998,2.7,2.9000001,3.2,3.5,3.8,4.1999998,4.5999999,0-2,0
51,-.35210001,3.5376,.088310003,2.7,3,3.2,3.5,3.9000001,4.1999998,4.6999998,0-2,1
51,-.38330001,3.5636001,.09076,2.8,3,3.3,3.5999999,3.9000001,4.3000002,4.8000002,0-2,0
51.5,-.38330001,3.6754,.090800002,2.8,3.0999999,3.4000001,3.7,4,4.4000001,4.9000001,0-2,0
51.5,-.35210001,3.6477001,.088009998,2.8,3.0999999,3.3,3.5999999,4,4.4000001,4.8000002,0-2,1
52,-.38330001,3.7911,.090850003,2.9000001,3.2,3.5,3.8,4.1999998,4.5999999,5.0999999,0-2,0
52,-.35210001,3.7620001,.087710001,2.9000001,3.2,3.5,3.8,4.0999999,4.5,5,0-2,1
52.5,-.38330001,3.9105,.090889998,3,3.3,3.5999999,3.9000001,4.3000002,4.6999998,5.1999998,0-2,0
52.5,-.35210001,3.8814001,.087410003,3,3.3,3.5999999,3.9000001,4.1999998,4.5999999,5.0999999,0-2,1
53,-.35210001,4.006,.087109998,3.0999999,3.4000001,3.7,4,4.4000001,4.8000002,5.3000002,0-2,1
53,-.38330001,4.0331998,.09093,3.0999999,3.4000001,3.7,4,4.4000001,4.9000001,5.4000001,0-2,0
53.5,-.38330001,4.1591001,.090980001,3.2,3.5,3.8,4.1999998,4.5999999,5,5.5,0-2,0
53.5,-.35210001,4.1353998,.08681,3.2,3.5,3.8,4.0999999,4.5,4.9000001,5.4000001,0-2,1
54,-.38330001,4.2874999,.091020003,3.3,3.5999999,3.9000001,4.3000002,4.6999998,5.1999998,5.6999998,0-2,0
54,-.35210001,4.2693,.086510003,3.3,3.5999999,3.9000001,4.3000002,4.6999998,5.0999999,5.5999999,0-2,1
54.5,-.35210001,4.4066,.086209998,3.4000001,3.7,4,4.4000001,4.8000002,5.3000002,5.8000002,0-2,1
54.5,-.38330001,4.4179001,.091059998,3.4000001,3.7,4,4.4000001,4.8000002,5.3000002,5.9000001,0-2,0
55,-.38330001,4.5497999,.0911,3.5,3.8,4.1999998,4.5,5,5.5,6.0999999,0-2,0
55,-.35210001,4.5467,.085919999,3.5999999,3.8,4.1999998,4.5,5,5.4000001,6,0-2,1
55.5,-.38330001,4.6827002,.091140002,3.5999999,3.9000001,4.3000002,4.6999998,5.0999999,5.6999998,6.3000002,0-2,0
55.5,-.35210001,4.6891999,.08563,3.7,4,4.3000002,4.6999998,5.0999999,5.5999999,6.0999999,0-2,1
56,-.35210001,4.8337998,.085349999,3.8,4.0999999,4.4000001,4.8000002,5.3000002,5.8000002,6.3000002,0-2,1
56,-.38330001,4.8161998,.091179997,3.7,4,4.4000001,4.8000002,5.3000002,5.8000002,6.4000001,0-2,0
56.5,-.38330001,4.9499998,.09121,3.8,4.0999999,4.5,5,5.4000001,6,6.5999999,0-2,0
56.5,-.35210001,4.9796,.085069999,3.9000001,4.1999998,4.5999999,5,5.4000001,5.9000001,6.5,0-2,1
57,-.35210001,5.1258998,.084810004,4,4.3000002,4.6999998,5.0999999,5.5999999,6.0999999,6.6999998,0-2,1
57,-.38330001,5.0837002,.091250002,3.9000001,4.3000002,4.5999999,5.0999999,5.5999999,6.0999999,6.8000002,0-2,0
57.5,-.38330001,5.2172999,.091279998,4,4.4000001,4.8000002,5.1999998,5.6999998,6.3000002,7,0-2,0
57.5,-.35210001,5.2721,.084550001,4.0999999,4.5,4.9000001,5.3000002,5.6999998,6.3000002,6.9000001,0-2,1
58,-.35210001,5.4180002,.084299996,4.3000002,4.5999999,5,5.4000001,5.9000001,6.4000001,7.0999999,0-2,1
58,-.38330001,5.3506999,.091300003,4.0999999,4.5,4.9000001,5.4000001,5.9000001,6.5,7.0999999,0-2,0
58.5,-.35210001,5.5632,.084059998,4.4000001,4.6999998,5.0999999,5.5999999,6.0999999,6.5999999,7.1999998,0-2,1
58.5,-.38330001,5.4833999,.091320001,4.1999998,4.5999999,5,5.5,6,6.5999999,7.3000002,0-2,0
59,-.35210001,5.7073998,.083829999,4.5,4.8000002,5.3000002,5.6999998,6.1999998,6.8000002,7.4000001,0-2,1
59,-.38330001,5.6150999,.091339998,4.3000002,4.6999998,5.0999999,5.5999999,6.1999998,6.8000002,7.5,0-2,0
59.5,-.35210001,5.8501,.083619997,4.5999999,5,5.4000001,5.9000001,6.4000001,7,7.5999999,0-2,1
59.5,-.38330001,5.7454,.091349997,4.4000001,4.8000002,5.3000002,5.6999998,6.3000002,6.9000001,7.6999998,0-2,0
60,-.38330001,5.8741999,.091360003,4.5,4.9000001,5.4000001,5.9000001,6.4000001,7.0999999,7.8000002,0-2,0
60,-.35210001,5.9906998,.083420001,4.6999998,5.0999999,5.5,6,6.5,7.0999999,7.8000002,0-2,1
60.5,-.35210001,6.1283998,.083240002,4.8000002,5.1999998,5.5999999,6.0999999,6.6999998,7.3000002,8,0-2,1
60.5,-.38330001,6.0014,.091370001,4.5999999,5,5.5,6,6.5999999,7.3000002,8,0-2,0
61,-.38330001,6.1269999,.091370001,4.6999998,5.0999999,5.5999999,6.0999999,6.6999998,7.4000001,8.1999998,0-2,0
61,-.35210001,6.2631998,.083080001,4.9000001,5.3000002,5.8000002,6.3000002,6.8000002,7.4000001,8.1000004,0-2,1
61.5,-.35210001,6.3954,.08292,5,5.4000001,5.9000001,6.4000001,7,7.5999999,8.3000002,0-2,1
61.5,-.38330001,6.2511001,.091360003,4.8000002,5.1999998,5.6999998,6.3000002,6.9000001,7.5999999,8.3999996,0-2,0
62,-.38330001,6.3737998,.091349997,4.9000001,5.3000002,5.8000002,6.4000001,7,7.6999998,8.5,0-2,0
62,-.35210001,6.5251002,.082790002,5.0999999,5.5999999,6,6.5,7.0999999,7.6999998,8.5,0-2,1
62.5,-.35210001,6.6526999,.082659997,5.1999998,5.6999998,6.0999999,6.6999998,7.1999998,7.9000001,8.6000004,0-2,1
62.5,-.38330001,6.4948001,.091329999,5,5.4000001,5.9000001,6.5,7.0999999,7.8000002,8.6999998,0-2,0
63,-.35210001,6.7786002,.082549997,5.3000002,5.8000002,6.1999998,6.8000002,7.4000001,8,8.8000002,0-2,1
63,-.38330001,6.6143999,.091310002,5.0999999,5.5,6,6.5999999,7.3000002,8,8.8000002,0-2,0
63.5,-.35210001,6.9028001,.082450002,5.4000001,5.9000001,6.4000001,6.9000001,7.5,8.1999998,8.8999996,0-2,1
63.5,-.38330001,6.7328,.091289997,5.1999998,5.5999999,6.1999998,6.6999998,7.4000001,8.1000004,9,0-2,0
64,-.38330001,6.8501,.091260001,5.3000002,5.6999998,6.3000002,6.9000001,7.5,8.3000002,9.1000004,0-2,0
64,-.35210001,7.0254998,.082359999,5.5,6,6.5,7,7.5999999,8.3000002,9.1000004,0-2,1
64.5,-.38330001,6.9661999,.091229998,5.4000001,5.8000002,6.4000001,7,7.5999999,8.3999996,9.3000002,0-2,0
64.5,-.35210001,7.1466999,.082290001,5.5999999,6.0999999,6.5999999,7.0999999,7.8000002,8.5,9.3000002,0-2,1
65,-.38330001,7.2402,.091130003,5.5999999,6.0999999,6.5999999,7.1999998,7.9000001,8.6999998,9.6999998,2-5,0
65,-.35210001,7.2666001,.082230002,5.6999998,6.1999998,6.6999998,7.3000002,7.9000001,8.6000004,9.3999996,0-2,1
65,-.35210001,7.4327002,.082170002,5.9000001,6.3000002,6.9000001,7.4000001,8.1000004,8.8000002,9.6000004,2-5,1
65,-.38330001,7.0812001,.091190003,5.5,5.9000001,6.5,7.0999999,7.8000002,8.6000004,9.5,0-2,0
65.5,-.38330001,7.3523002,.091090001,5.6999998,6.1999998,6.6999998,7.4000001,8.1000004,8.8999996,9.8000002,2-5,0
65.5,-.35210001,7.5503998,.082139999,6,6.4000001,7,7.5999999,8.1999998,8.8999996,9.8000002,2-5,1
65.5,-.35210001,7.3853998,.082180001,5.8000002,6.3000002,6.8000002,7.4000001,8,8.6999998,9.6000004,0-2,1
65.5,-.38330001,7.1950002,.091150001,5.5,6,6.5999999,7.1999998,7.9000001,8.6999998,9.6000004,0-2,0
66,-.35210001,7.6673002,.082120001,6.0999999,6.5,7.0999999,7.6999998,8.3000002,9.1000004,9.8999996,2-5,1
66,-.38330001,7.3076,.0911,5.5999999,6.0999999,6.6999998,7.3000002,8,8.8000002,9.8000002,0-2,0
66,-.35210001,7.5033998,.082149997,5.9000001,6.4000001,6.9000001,7.5,8.1999998,8.8999996,9.6999998,0-2,1
66,-.38330001,7.4629998,.09104,5.8000002,6.3000002,6.8000002,7.5,8.1999998,9,10,2-5,0
66.5,-.35210001,7.6206002,.08213,6,6.5,7,7.5999999,8.3000002,9,9.8999996,0-2,1
66.5,-.35210001,7.7834001,.082120001,6.0999999,6.5999999,7.1999998,7.8000002,8.5,9.1999998,10.1,2-5,1
66.5,-.38330001,7.5724001,.090989999,5.8000002,6.4000001,6.9000001,7.5999999,8.3000002,9.1000004,10.1,2-5,0
66.5,-.38330001,7.4189,.091059998,5.6999998,6.1999998,6.8000002,7.4000001,8.1000004,9,9.8999996,0-2,0
67,-.38330001,7.6806002,.090939999,5.9000001,6.4000001,7,7.6999998,8.3999996,9.3000002,10.2,2-5,0
67,-.35210001,7.737,.082120001,6.0999999,6.5999999,7.0999999,7.6999998,8.3999996,9.1999998,10,0-2,1
67,-.38330001,7.5288,.091009997,5.8000002,6.3000002,6.9000001,7.5,8.3000002,9.1000004,10,0-2,0
67,-.35210001,7.8986001,.08213,6.1999998,6.6999998,7.3000002,7.9000001,8.6000004,9.3999996,10.2,2-5,1
67.5,-.35210001,8.0131998,.082139999,6.3000002,6.8000002,7.4000001,8,8.6999998,9.5,10.4,2-5,1
67.5,-.38330001,7.6374998,.090960003,5.9000001,6.4000001,7,7.5999999,8.3999996,9.1999998,10.2,0-2,0
67.5,-.35210001,7.8526001,.082120001,6.1999998,6.6999998,7.1999998,7.9000001,8.5,9.3000002,10.2,0-2,1
67.5,-.38330001,7.7873998,.090879999,6,6.5,7.0999999,7.8000002,8.5,9.3999996,10.4,2-5,0
68,-.38330001,7.8930001,.090829998,6.0999999,6.5999999,7.1999998,7.9000001,8.6999998,9.5,10.5,2-5,0
68,-.35210001,8.1272001,.082170002,6.4000001,6.9000001,7.5,8.1000004,8.8000002,9.6000004,10.5,2-5,1
68,-.35210001,7.9674001,.082139999,6.3000002,6.8000002,7.3000002,8,8.6999998,9.3999996,10.3,0-2,1
68,-.38330001,7.7448001,.090899996,6,6.5,7.0999999,7.6999998,8.5,9.3999996,10.3,0-2,0
68.5,-.38330001,7.8509002,.090850003,6.0999999,6.5999999,7.1999998,7.9000001,8.6000004,9.5,10.5,0-2,0
68.5,-.38330001,7.9976001,.090769999,6.1999998,6.6999998,7.3000002,8,8.8000002,9.6999998,10.7,2-5,0
68.5,-.35210001,8.2410002,.082209997,6.5,7,7.5999999,8.1999998,9,9.8000002,10.7,2-5,1
68.5,-.35210001,8.0816002,.082160003,6.4000001,6.9000001,7.5,8.1000004,8.8000002,9.6000004,10.5,0-2,1
69,-.35210001,8.1955004,.08219,6.5,7,7.5999999,8.1999998,8.8999996,9.6999998,10.6,0-2,1
69,-.38330001,8.1012001,.090709999,6.3000002,6.8000002,7.4000001,8.1000004,8.8999996,9.8000002,10.8,2-5,0
69,-.38330001,7.9559002,.090790004,6.0999999,6.6999998,7.3000002,8,8.6999998,9.6000004,10.6,0-2,0
69,-.35210001,8.3547001,.082259998,6.5999999,7.0999999,7.6999998,8.3999996,9.1000004,9.8999996,10.8,2-5,1
69.5,-.35210001,8.3092003,.08224,6.5999999,7.0999999,7.6999998,8.3000002,9,9.8000002,10.8,0-2,1
69.5,-.38330001,8.2039003,.09065,6.3000002,6.9000001,7.5,8.1999998,9,9.8999996,10.9,2-5,0
69.5,-.35210001,8.4680004,.082309999,6.6999998,7.1999998,7.8000002,8.5,9.1999998,10,11,2-5,1
69.5,-.38330001,8.0599003,.090740003,6.1999998,6.8000002,7.4000001,8.1000004,8.8000002,9.6999998,10.7,0-2,0
70,-.38330001,8.3058004,.09059,6.4000001,7,7.5999999,8.3000002,9.1000004,10,11.1,2-5,0
70,-.35210001,8.5808001,.082369998,6.8000002,7.3000002,7.9000001,8.6000004,9.3000002,10.2,11.1,2-5,1
70,-.38330001,8.1630001,.090680003,6.3000002,6.9000001,7.5,8.1999998,9,9.8999996,10.9,0-2,0
70,-.35210001,8.4226999,.082290001,6.5999999,7.1999998,7.8000002,8.3999996,9.1999998,10,10.9,0-2,1
70.5,-.35210001,8.6927004,.082429998,6.9000001,7.4000001,8,8.6999998,9.5,10.3,11.3,2-5,1
70.5,-.35210001,8.5358,.082350001,6.6999998,7.3000002,7.9000001,8.5,9.3000002,10.1,11.1,0-2,1
70.5,-.38330001,8.2650995,.090620004,6.4000001,6.9000001,7.5999999,8.3000002,9.1000004,10,11,0-2,0
70.5,-.38330001,8.4070997,.090530001,6.5,7.0999999,7.6999998,8.3999996,9.1999998,10.1,11.2,2-5,0
71,-.38330001,8.5078001,.090470001,6.5999999,7.0999999,7.8000002,8.5,9.3000002,10.3,11.3,2-5,0
71,-.38330001,8.3666,.090559997,6.5,7,7.6999998,8.3999996,9.1999998,10.1,11.1,0-2,0
71,-.35210001,8.8036003,.082500003,6.9000001,7.5,8.1000004,8.8000002,9.6000004,10.4,11.4,2-5,1
71,-.35210001,8.6479998,.08241,6.8000002,7.4000001,8,8.6000004,9.3999996,10.2,11.2,0-2,1
71.5,-.35210001,8.9134998,.082570001,7,7.5999999,8.1999998,8.8999996,9.6999998,10.6,11.6,2-5,1
71.5,-.35210001,8.7594004,.082479998,6.9000001,7.5,8.1000004,8.8000002,9.5,10.4,11.3,0-2,1
71.5,-.38330001,8.6077995,.090410002,6.6999998,7.1999998,7.9000001,8.6000004,9.3999996,10.4,11.5,2-5,0
71.5,-.38330001,8.4675999,.090499997,6.5,7.0999999,7.6999998,8.5,9.3000002,10.2,11.3,0-2,0
72,-.35210001,9.0221004,.08264,7.0999999,7.6999998,8.3000002,9,9.8000002,10.7,11.7,2-5,1
72,-.38330001,8.5678997,.090429999,6.5999999,7.1999998,7.8000002,8.6000004,9.3999996,10.3,11.4,0-2,0
72,-.35210001,8.8697004,.082539998,7,7.5999999,8.1999998,8.8999996,9.6000004,10.5,11.5,0-2,1
72,-.38330001,8.7069998,.090350002,6.6999998,7.3000002,8,8.6999998,9.5,10.5,11.6,2-5,0
72.5,-.35210001,9.1292,.082719997,7.1999998,7.8000002,8.3999996,9.1000004,9.8999996,10.8,11.8,2-5,1
72.5,-.38330001,8.6674004,.090369999,6.6999998,7.3000002,7.9000001,8.6999998,9.5,10.5,11.5,0-2,0
72.5,-.35210001,8.9787998,.082620002,7.0999999,7.5999999,8.3000002,9,9.8000002,10.6,11.6,0-2,1
72.5,-.38330001,8.8052998,.090279996,6.8000002,7.4000001,8.1000004,8.8000002,9.6999998,10.6,11.7,2-5,0
73,-.38330001,8.9025002,.090219997,6.9000001,7.5,8.1000004,8.8999996,9.8000002,10.7,11.8,2-5,0
73,-.38330001,8.7660999,.09031,6.8000002,7.4000001,8,8.8000002,9.6000004,10.6,11.7,0-2,0
73,-.35210001,9.2347002,.082780004,7.3000002,7.9000001,8.5,9.1999998,10,11,12,2-5,1
73,-.35210001,9.0865002,.082690001,7.1999998,7.6999998,8.3999996,9.1000004,9.8999996,10.8,11.8,0-2,1
73.5,-.35210001,9.3389997,.082850002,7.4000001,7.9000001,8.6000004,9.3000002,10.2,11.1,12.1,2-5,1
73.5,-.38330001,8.9982996,.090159997,7,7.5999999,8.1999998,9,9.8999996,10.8,12,2-5,0
73.5,-.35210001,9.1927004,.082759999,7.1999998,7.8000002,8.5,9.1999998,10,10.9,11.9,0-2,1
73.5,-.38330001,8.8638,.09025,6.9000001,7.4000001,8.1000004,8.8999996,9.6999998,10.7,11.8,0-2,0
74,-.38330001,9.0928001,.090089999,7,7.5999999,8.3000002,9.1000004,10,11,12.1,2-5,0
74,-.35210001,9.4420004,.08292,7.4000001,8,8.6999998,9.3999996,10.3,11.2,12.2,2-5,1
74,-.35210001,9.2974005,.082829997,7.3000002,7.9000001,8.6000004,9.3000002,10.1,11,12.1,0-2,1
74,-.38330001,8.9601002,.090180002,6.9000001,7.5,8.1999998,9,9.8000002,10.8,11.9,0-2,0
74.5,-.35210001,9.401,.082889996,7.4000001,8,8.6999998,9.3999996,10.2,11.2,12.2,0-2,1
74.5,-.38330001,9.0551996,.090120003,7,7.5999999,8.3000002,9.1000004,9.8999996,10.9,12,0-2,0
74.5,-.38330001,9.1862001,.09003,7.0999999,7.6999998,8.3999996,9.1999998,10.1,11.1,12.2,2-5,0
74.5,-.35210001,9.5438004,.082979999,7.5,8.1000004,8.8000002,9.5,10.4,11.3,12.4,2-5,1
75,-.38330001,9.2785997,.089960001,7.1999998,7.8000002,8.5,9.3000002,10.2,11.2,12.3,2-5,0
75,-.35210001,9.6440001,.08303,7.5999999,8.1999998,8.8999996,9.6000004,10.5,11.4,12.5,2-5,1
75,-.35210001,9.5031996,.082950003,7.5,8.1000004,8.8000002,9.5,10.3,11.3,12.3,0-2,1
75,-.38330001,9.1490002,.090049997,7.0999999,7.6999998,8.3999996,9.1000004,10,11,12.2,0-2,0
75.5,-.38330001,9.2418003,.089989997,7.0999999,7.8000002,8.5,9.1999998,10.1,11.1,12.3,0-2,0
75.5,-.35210001,9.6041002,.083010003,7.5999999,8.1999998,8.8000002,9.6000004,10.4,11.4,12.5,0-2,1
75.5,-.38330001,9.3703003,.089890003,7.1999998,7.9000001,8.6000004,9.3999996,10.3,11.3,12.5,2-5,0
75.5,-.35210001,9.7425003,.083080001,7.6999998,8.3000002,9,9.6999998,10.6,11.6,12.6,2-5,1
76,-.38330001,9.3337002,.089919999,7.1999998,7.8000002,8.5,9.3000002,10.2,11.2,12.4,0-2,0
76,-.35210001,9.7033005,.083070002,7.5999999,8.3000002,8.8999996,9.6999998,10.6,11.5,12.6,0-2,1
76,-.38330001,9.4617004,.089830004,7.3000002,8,8.6999998,9.5,10.4,11.4,12.6,2-5,0
76,-.35210001,9.8392,.083120003,7.6999998,8.3999996,9.1000004,9.8000002,10.7,11.7,12.8,2-5,1
76.5,-.35210001,9.8007002,.083109997,7.6999998,8.3000002,9,9.8000002,10.7,11.6,12.7,0-2,1
76.5,-.38330001,9.4252005,.089850001,7.3000002,7.9000001,8.6000004,9.3999996,10.3,11.4,12.5,0-2,0
76.5,-.35210001,9.9341002,.083149999,7.8000002,8.5,9.1999998,9.8999996,10.8,11.8,12.9,2-5,1
76.5,-.38330001,9.5532999,.089759998,7.4000001,8,8.6999998,9.6000004,10.5,11.5,12.7,2-5,0
77,-.35210001,10.0274,.083169997,7.9000001,8.5,9.1999998,10,10.9,11.9,13,2-5,1
77,-.35210001,9.8963003,.083140001,7.8000002,8.3999996,9.1000004,9.8999996,10.8,11.7,12.8,0-2,1
77,-.38330001,9.5165997,.089790002,7.4000001,8,8.6999998,9.5,10.4,11.5,12.6,0-2,0
77,-.38330001,9.6456003,.08969,7.5,8.1000004,8.8000002,9.6000004,10.6,11.6,12.8,2-5,0
77.5,-.38330001,9.6085997,.089720003,7.4000001,8.1000004,8.8000002,9.6000004,10.5,11.6,12.8,0-2,0
77.5,-.38330001,9.7390003,.08963,7.5,8.1999998,8.8999996,9.6999998,10.7,11.7,12.9,2-5,0
77.5,-.35210001,10.1194,.083180003,8,8.6000004,9.3000002,10.1,11,12,13.1,2-5,1
77.5,-.35210001,9.9902,.083169997,7.9000001,8.5,9.1999998,10,10.9,11.9,13,0-2,1
78,-.35210001,10.0827,.083180003,7.9000001,8.6000004,9.3000002,10.1,11,12,13.1,0-2,1
78,-.35210001,10.2105,.083169997,8,8.6999998,9.3999996,10.2,11.1,12.1,13.3,2-5,1
78,-.38330001,9.8338003,.089560002,7.5999999,8.3000002,9,9.8000002,10.8,11.8,13.1,2-5,0
78,-.38330001,9.7014999,.089649998,7.5,8.1999998,8.8999996,9.6999998,10.6,11.7,12.9,0-2,0
78.5,-.38330001,9.9302998,.089500003,7.6999998,8.3999996,9.1000004,9.8999996,10.9,12,13.2,2-5,0
78.5,-.38330001,9.7957001,.089589998,7.5999999,8.1999998,9,9.8000002,10.7,11.8,13,0-2,0
78.5,-.35210001,10.3012,.083149999,8.1000004,8.8000002,9.5,10.3,11.2,12.2,13.4,2-5,1
78.5,-.35210001,10.1741,.083180003,8,8.6999998,9.3999996,10.2,11.1,12.1,13.2,0-2,1
79,-.35210001,10.2649,.083159998,8.1000004,8.6999998,9.5,10.3,11.2,12.2,13.3,0-2,1
79,-.35210001,10.3923,.083109997,8.1999998,8.8000002,9.6000004,10.4,11.3,12.3,13.5,2-5,1
79,-.38330001,10.0289,.089429997,7.8000002,8.3999996,9.1999998,10,11,12.1,13.3,2-5,0
79,-.38330001,9.8915005,.08952,7.6999998,8.3000002,9.1000004,9.8999996,10.8,11.9,13.1,0-2,0
79.5,-.38330001,10.1298,.089369997,7.8000002,8.5,9.3000002,10.1,11.1,12.2,13.4,2-5,0
79.5,-.35210001,10.3558,.083130002,8.1999998,8.8000002,9.5,10.4,11.3,12.3,13.4,0-2,1
79.5,-.38330001,9.9891996,.08946,7.6999998,8.3999996,9.1000004,10,10.9,12,13.3,0-2,0
79.5,-.35210001,10.4845,.083049998,8.3000002,8.8999996,9.6999998,10.5,11.4,12.4,13.6,2-5,1
80,-.35210001,10.5781,.082979999,8.3000002,9,9.6999998,10.6,11.5,12.6,13.7,2-5,1
80,-.38330001,10.2332,.089319997,7.9000001,8.6000004,9.3999996,10.2,11.2,12.3,13.6,2-5,0
80,-.35210001,10.4475,.083080001,8.1999998,8.8999996,9.6000004,10.4,11.4,12.4,13.6,0-2,1
80,-.38330001,10.0891,.089400001,7.8000002,8.5,9.1999998,10.1,11,12.1,13.4,0-2,0
80.5,-.35210001,10.6737,.082900003,8.3999996,9.1000004,9.8000002,10.7,11.6,12.7,13.8,2-5,1
80.5,-.38330001,10.1916,.089340001,7.9000001,8.6000004,9.3000002,10.2,11.2,12.3,13.5,0-2,0
80.5,-.35210001,10.5405,.083010003,8.3000002,9,9.6999998,10.5,11.5,12.5,13.7,0-2,1
80.5,-.38330001,10.3393,.089259997,8,8.6999998,9.5,10.3,11.3,12.4,13.7,2-5,0
81,-.38330001,10.4477,.089210004,8.1000004,8.8000002,9.6000004,10.4,11.4,12.6,13.9,2-5,0
81,-.35210001,10.6352,.082929999,8.3999996,9.1000004,9.8000002,10.6,11.6,12.6,13.8,0-2,1
81,-.38330001,10.2965,.089280002,8,8.6999998,9.3999996,10.3,11.3,12.4,13.7,0-2,0
81,-.35210001,10.7718,.082790002,8.5,9.1999998,9.8999996,10.8,11.7,12.8,14,2-5,1
81.5,-.35210001,10.8728,.082680002,8.6000004,9.3000002,10,10.9,11.8,12.9,14.1,2-5,1
81.5,-.35210001,10.7322,.082840003,8.5,9.1000004,9.8999996,10.7,11.7,12.7,13.9,0-2,1
81.5,-.38330001,10.4041,.089230001,8.1000004,8.8000002,9.5,10.4,11.4,12.5,13.8,0-2,0
81.5,-.38330001,10.5586,.089160003,8.1999998,8.8999996,9.6999998,10.6,11.6,12.7,14,2-5,0
82,-.38330001,10.6719,.089120001,8.3000002,9,9.8000002,10.7,11.7,12.8,14.1,2-5,0
82,-.35210001,10.9772,.082549997,8.6999998,9.3000002,10.1,11,11.9,13,14.2,2-5,1
82,-.38330001,10.514,.08918,8.1000004,8.8000002,9.6000004,10.5,11.5,12.6,13.9,0-2,0
82,-.35210001,10.8321,.082730003,8.5,9.1999998,10,10.8,11.8,12.8,14,0-2,1
82.5,-.35210001,10.935,.082599998,8.6000004,9.3000002,10.1,10.9,11.9,13,14.2,0-2,1
82.5,-.38330001,10.7874,.089079998,8.3999996,9.1000004,9.8999996,10.8,11.8,13,14.3,2-5,0
82.5,-.38330001,10.6263,.089139998,8.1999998,8.8999996,9.6999998,10.6,11.6,12.8,14.1,0-2,0
82.5,-.35210001,11.0851,.08241,8.6999998,9.3999996,10.2,11.1,12.1,13.1,14.4,2-5,1
83,-.38330001,10.741,.089100003,8.3000002,9,9.8000002,10.7,11.8,12.9,14.2,0-2,0
83,-.35210001,11.1966,.082249999,8.8000002,9.5,10.3,11.2,12.2,13.3,14.5,2-5,1
83,-.35210001,11.0415,.082460001,8.6999998,9.3999996,10.2,11,12,13.1,14.3,0-2,1
83,-.38330001,10.9051,.089050002,8.5,9.1999998,10,10.9,11.9,13.1,14.5,2-5,0
83.5,-.38330001,11.0248,.089019999,8.5,9.3000002,10.1,11,12.1,13.3,14.6,2-5,0
83.5,-.35210001,11.1516,.082309999,8.8000002,9.5,10.3,11.2,12.1,13.2,14.4,0-2,1
83.5,-.35210001,11.3114,.082089998,8.8999996,9.6000004,10.4,11.3,12.3,13.4,14.6,2-5,1
83.5,-.38330001,10.8578,.089060001,8.3999996,9.1000004,9.8999996,10.9,11.9,13.1,14.4,0-2,0
84,-.35210001,11.2651,.082149997,8.8999996,9.6000004,10.4,11.3,12.2,13.3,14.6,0-2,1
84,-.38330001,11.1462,.088990003,8.6000004,9.3999996,10.2,11.1,12.2,13.4,14.8,2-5,0
84,-.35210001,11.429,.081909999,9,9.6999998,10.5,11.4,12.4,13.5,14.8,2-5,1
84,-.38330001,10.9767,.089029998,8.5,9.1999998,10.1,11,12,13.2,14.5,0-2,0
84.5,-.35210001,11.549,.081739999,9.1000004,9.8999996,10.7,11.5,12.5,13.7,14.9,2-5,1
84.5,-.38330001,11.0974,.089000002,8.6000004,9.3000002,10.2,11.1,12.1,13.3,14.7,0-2,0
84.5,-.35210001,11.3817,.081979997,9,9.6999998,10.5,11.4,12.4,13.5,14.7,0-2,1
84.5,-.38330001,11.2691,.088969998,8.6999998,9.5,10.3,11.3,12.3,13.5,14.9,2-5,0
85,-.35210001,11.5007,.081809998,9.1000004,9.8000002,10.6,11.5,12.5,13.6,14.9,0-2,1
85,-.35210001,11.6707,.081560001,9.1999998,10,10.8,11.7,12.7,13.8,15.1,2-5,1
85,-.38330001,11.2198,.088979997,8.6999998,9.3999996,10.3,11.2,12.3,13.5,14.9,0-2,0
85,-.38330001,11.3934,.088959999,8.8000002,9.6000004,10.4,11.4,12.5,13.7,15.1,2-5,0
85.5,-.38330001,11.5186,.088950001,8.8999996,9.6999998,10.6,11.5,12.6,13.8,15.3,2-5,0
85.5,-.35210001,11.6218,.081629999,9.1999998,9.8999996,10.7,11.6,12.6,13.7,15,0-2,1
85.5,-.35210001,11.7937,.081380002,9.3000002,10.1,10.9,11.8,12.8,13.9,15.2,2-5,1
85.5,-.38330001,11.3435,.088969998,8.8000002,9.5,10.4,11.3,12.4,13.6,15,0-2,0
86,-.35210001,11.9173,.081210002,9.3999996,10.2,11,11.9,12.9,14.1,15.4,2-5,1
86,-.38330001,11.6444,.088950001,9,9.8000002,10.7,11.6,12.7,14,15.4,2-5,0
86,-.38330001,11.4684,.088950001,8.8999996,9.6999998,10.5,11.5,12.6,13.8,15.2,0-2,0
86,-.35210001,11.7444,.08145,9.3000002,10,10.8,11.7,12.8,13.9,15.2,0-2,1
86.5,-.35210001,11.8678,.081280001,9.3999996,10.1,11,11.9,12.9,14,15.3,0-2,1
86.5,-.38330001,11.7705,.088950001,9.1000004,9.8999996,10.8,11.8,12.9,14.2,15.6,2-5,0
86.5,-.38330001,11.594,.088950001,9,9.8000002,10.6,11.6,12.7,13.9,15.4,0-2,0
86.5,-.35210001,12.0411,.081050001,9.5,10.3,11.1,12,13.1,14.2,15.5,2-5,1
87,-.38330001,11.8965,.088959999,9.1999998,10,10.9,11.9,13,14.3,15.8,2-5,0
87,-.38330001,11.7201,.088950001,9.1000004,9.8999996,10.7,11.7,12.8,14.1,15.5,0-2,0
87,-.35210001,11.9916,.081110001,9.5,10.2,11.1,12,13,14.2,15.5,0-2,1
87,-.35210001,12.1645,.080899999,9.6000004,10.4,11.2,12.2,13.2,14.4,15.7,2-5,1
87.5,-.35210001,12.2871,.080760002,9.6999998,10.5,11.3,12.3,13.3,14.5,15.8,2-5,1
87.5,-.35210001,12.1152,.080959998,9.6000004,10.4,11.2,12.1,13.2,14.3,15.6,0-2,1
87.5,-.38330001,11.8461,.088950001,9.1999998,10,10.9,11.8,13,14.2,15.7,0-2,0
87.5,-.38330001,12.0223,.088969998,9.3000002,10.1,11,12,13.2,14.5,15.9,2-5,0
88,-.38330001,11.972,.088959999,9.3000002,10.1,11,12,13.1,14.4,15.9,0-2,0
88,-.38330001,12.1478,.088990003,9.3999996,10.2,11.1,12.1,13.3,14.6,16.1,2-5,0
88,-.35210001,12.4089,.080640003,9.8000002,10.6,11.5,12.4,13.5,14.7,16,2-5,1
88,-.35210001,12.2382,.080820002,9.6999998,10.5,11.3,12.2,13.3,14.5,15.8,0-2,1
88.5,-.38330001,12.2729,.08901,9.5,10.3,11.2,12.3,13.4,14.8,16.299999,2-5,0
88.5,-.38330001,12.0976,.088979997,9.3999996,10.2,11.1,12.1,13.2,14.5,16,0-2,0
88.5,-.35210001,12.5298,.080540001,9.8999996,10.7,11.6,12.5,13.6,14.8,16.1,2-5,1
88.5,-.35210001,12.3603,.080689996,9.8000002,10.6,11.4,12.4,13.4,14.6,15.9,0-2,1
89,-.35210001,12.6495,.080449998,10,10.8,11.7,12.6,13.7,14.9,16.299999,2-5,1
89,-.38330001,12.3976,.089040004,9.6000004,10.4,11.4,12.4,13.6,14.9,16.4,2-5,0
89,-.38330001,12.2229,.089000002,9.5,10.3,11.2,12.2,13.4,14.7,16.200001,0-2,0
89,-.35210001,12.4815,.080580004,9.8999996,10.7,11.5,12.5,13.5,14.7,16.1,0-2,1
89.5,-.35210001,12.7683,.08038,10.1,10.9,11.8,12.8,13.9,15.1,16.4,2-5,1
89.5,-.38330001,12.3477,.089029998,9.6000004,10.4,11.3,12.3,13.5,14.8,16.4,0-2,0
89.5,-.38330001,12.522,.08907,9.6999998,10.5,11.5,12.5,13.7,15.1,16.6,2-5,0
89.5,-.35210001,12.6017,.080480002,10,10.8,11.6,12.6,13.7,14.9,16.200001,0-2,1
90,-.35210001,12.8864,.080320001,10.2,11,11.9,12.9,14,15.2,16.6,2-5,1
90,-.38330001,12.6461,.089110002,9.8000002,10.6,11.6,12.6,13.8,15.2,16.799999,2-5,0
90,-.38330001,12.4723,.089060001,9.6999998,10.5,11.4,12.5,13.7,15,16.5,0-2,0
90,-.35210001,12.7209,.080410004,10.1,10.9,11.8,12.7,13.8,15,16.4,0-2,1
90.5,-.35210001,12.8392,.080339998,10.2,11,11.9,12.8,13.9,15.1,16.5,0-2,1
90.5,-.38330001,12.77,.089149997,9.8999996,10.7,11.7,12.8,14,15.4,16.9,2-5,0
90.5,-.38330001,12.5965,.089089997,9.8000002,10.6,11.5,12.6,13.8,15.1,16.700001,0-2,0
90.5,-.35210001,13.0038,.080279998,10.3,11.1,12,13,14.1,15.3,16.700001,2-5,1
91,-.38330001,12.8939,.089199997,10,10.9,11.8,12.9,14.1,15.5,17.1,2-5,0
91,-.35210001,13.1209,.080250002,10.4,11.2,12.1,13.1,14.2,15.5,16.9,2-5,1
91,-.38330001,12.7205,.089129999,9.8999996,10.7,11.7,12.7,13.9,15.3,16.9,0-2,0
91,-.35210001,12.9569,.080300003,10.3,11.1,12,13,14.1,15.3,16.700001,0-2,1
91.5,-.35210001,13.2376,.080239996,10.5,11.3,12.2,13.2,14.4,15.6,17,2-5,1
91.5,-.38330001,12.8443,.08918,10,10.8,11.8,12.8,14.1,15.5,17,0-2,0
91.5,-.38330001,13.0177,.089249998,10.1,11,11.9,13,14.3,15.7,17.299999,2-5,0
91.5,-.35210001,13.0742,.080260001,10.4,11.2,12.1,13.1,14.2,15.4,16.799999,0-2,1
92,-.35210001,13.191,.080250002,10.5,11.3,12.2,13.2,14.3,15.6,17,0-2,1
92,-.38330001,12.9681,.089230001,10.1,10.9,11.9,13,14.2,15.6,17.200001,0-2,0
92,-.35210001,13.3541,.080250002,10.6,11.4,12.3,13.4,14.5,15.8,17.200001,2-5,1
92,-.38330001,13.1415,.089309998,10.2,11.1,12,13.1,14.4,15.8,17.4,2-5,0
92.5,-.38330001,13.092,.089280002,10.1,11,12,13.1,14.3,15.8,17.4,0-2,0
92.5,-.35210001,13.3075,.080250002,10.6,11.4,12.3,13.3,14.4,15.7,17.1,0-2,1
92.5,-.38330001,13.2654,.089369997,10.3,11.2,12.1,13.3,14.5,16,17.6,2-5,0
92.5,-.35210001,13.4705,.08027,10.7,11.5,12.4,13.5,14.6,15.9,17.299999,2-5,1
93,-.38330001,13.2158,.089340001,10.2,11.1,12.1,13.2,14.5,15.9,17.5,0-2,0
93,-.35210001,13.587,.080310002,10.8,11.6,12.6,13.6,14.7,16,17.5,2-5,1
93,-.38330001,13.3896,.089440003,10.4,11.3,12.3,13.4,14.7,16.1,17.799999,2-5,0
93,-.35210001,13.4239,.080260001,10.7,11.5,12.4,13.4,14.6,15.8,17.299999,0-2,1
93.5,-.38330001,13.3399,.08941,10.3,11.2,12.2,13.3,14.6,16.1,17.700001,0-2,0
93.5,-.38330001,13.5142,.089510001,10.5,11.4,12.4,13.5,14.8,16.299999,17.9,2-5,0
93.5,-.35210001,13.5404,.080289997,10.7,11.6,12.5,13.5,14.7,16,17.4,0-2,1
93.5,-.35210001,13.7041,.080360003,10.9,11.7,12.7,13.7,14.9,16.200001,17.6,2-5,1
94,-.35210001,13.8217,.080430001,11,11.8,12.8,13.8,15,16.299999,17.799999,2-5,1
94,-.35210001,13.6572,.080339998,10.8,11.7,12.6,13.7,14.8,16.1,17.6,0-2,1
94,-.38330001,13.6393,.089589998,10.6,11.5,12.5,13.6,14.9,16.4,18.1,2-5,0
94,-.38330001,13.4643,.089479998,10.4,11.3,12.3,13.5,14.7,16.200001,17.9,0-2,0
94.5,-.35210001,13.9403,.080509998,11.1,11.9,12.9,13.9,15.1,16.5,17.9,2-5,1
94.5,-.38330001,13.5892,.089550003,10.5,11.4,12.4,13.6,14.9,16.4,18,0-2,0
94.5,-.38330001,13.765,.089670002,10.7,11.6,12.6,13.8,15.1,16.6,18.299999,2-5,0
94.5,-.35210001,13.7746,.080399998,10.9,11.8,12.7,13.8,14.9,16.299999,17.700001,0-2,1
95,-.35210001,14.06,.080600001,11.1,12,13,14.1,15.3,16.6,18.1,2-5,1
95,-.38330001,13.8914,.089749999,10.8,11.7,12.7,13.9,15.2,16.700001,18.5,2-5,0
95,-.35210001,13.8928,.080470003,11,11.9,12.8,13.9,15.1,16.4,17.9,0-2,1
95,-.38330001,13.7146,.08963,10.6,11.5,12.6,13.7,15,16.5,18.200001,0-2,0
95.5,-.35210001,14.1811,.080710001,11.2,12.1,13.1,14.2,15.4,16.700001,18.299999,2-5,1
95.5,-.35210001,14.012,.080559999,11.1,12,12.9,14,15.2,16.5,18,0-2,1
95.5,-.38330001,13.8408,.089720003,10.7,11.6,12.7,13.8,15.2,16.700001,18.4,0-2,0
95.5,-.38330001,14.0186,.089840002,10.8,11.8,12.8,14,15.4,16.9,18.6,2-5,0
96,-.35210001,14.3037,.08083,11.3,12.2,13.2,14.3,15.5,16.9,18.4,2-5,1
96,-.38330001,14.1466,.089939997,10.9,11.9,12.9,14.1,15.5,17,18.799999,2-5,0
96,-.38330001,13.9676,.089809999,10.8,11.7,12.8,14,15.3,16.799999,18.6,0-2,0
96,-.35210001,14.1325,.080669999,11.2,12.1,13.1,14.1,15.3,16.700001,18.200001,0-2,1
96.5,-.35210001,14.4282,.080969997,11.4,12.3,13.3,14.4,15.7,17,18.6,2-5,1
96.5,-.38330001,14.0953,.089900002,10.9,11.8,12.9,14.1,15.4,17,18.700001,0-2,0
96.5,-.35210001,14.2544,.080779999,11.3,12.2,13.2,14.3,15.5,16.799999,18.4,0-2,1
96.5,-.38330001,14.2757,.090039998,11,12,13.1,14.3,15.6,17.200001,19,2-5,0
97,-.35210001,14.5547,.081119999,11.5,12.4,13.4,14.6,15.8,17.200001,18.799999,2-5,1
97,-.35210001,14.3782,.080920003,11.4,12.3,13.3,14.4,15.6,17,18.5,0-2,1
97,-.38330001,14.4059,.090149999,11.1,12.1,13.2,14.4,15.8,17.4,19.200001,2-5,0
97,-.38330001,14.2239,.090000004,11,12,13,14.2,15.6,17.1,18.9,0-2,0
97.5,-.35210001,14.6832,.081289999,11.6,12.5,13.6,14.7,15.9,17.4,18.9,2-5,1
97.5,-.38330001,14.5376,.090259999,11.2,12.2,13.3,14.5,15.9,17.5,19.299999,2-5,0
97.5,-.35210001,14.5038,.08106,11.5,12.4,13.4,14.5,15.7,17.1,18.700001,0-2,1
97.5,-.38330001,14.3537,.090099998,11.1,12.1,13.1,14.4,15.7,17.299999,19.1,0-2,0
98,-.38330001,14.671,.090369999,11.3,12.3,13.4,14.7,16.1,17.700001,19.5,2-5,0
98,-.35210001,14.6316,.081220001,11.6,12.5,13.5,14.6,15.9,17.299999,18.9,0-2,1
98,-.35210001,14.814,.081459999,11.7,12.6,13.7,14.8,16.1,17.5,19.1,2-5,1
98,-.38330001,14.4848,.090209998,11.2,12.2,13.3,14.5,15.9,17.5,19.299999,0-2,0
98.5,-.35210001,14.7614,.081390001,11.7,12.6,13.6,14.8,16,17.5,19.1,0-2,1
98.5,-.38330001,14.6174,.090329997,11.3,12.3,13.4,14.6,16,17.6,19.5,0-2,0
98.5,-.35210001,14.9468,.081649996,11.8,12.8,13.8,14.9,16.200001,17.700001,19.299999,2-5,1
98.5,-.38330001,14.8062,.090489998,11.4,12.4,13.5,14.8,16.200001,17.9,19.700001,2-5,0
99,-.35210001,14.8934,.081569999,11.8,12.7,13.7,14.9,16.200001,17.6,19.200001,0-2,1
99,-.38330001,14.7519,.090439998,11.4,12.4,13.5,14.8,16.200001,17.799999,19.6,0-2,0
99,-.38330001,14.9434,.090620004,11.5,12.5,13.7,14.9,16.4,18,19.9,2-5,0
99,-.35210001,15.0818,.08185,11.9,12.9,13.9,15.1,16.4,17.9,19.5,2-5,1
99.5,-.35210001,15.0275,.081770003,11.9,12.8,13.9,15,16.299999,17.799999,19.4,0-2,1
99.5,-.38330001,14.8882,.090570003,11.5,12.5,13.6,14.9,16.299999,18,19.799999,0-2,0
99.5,-.38330001,15.0828,.090750001,11.6,12.7,13.8,15.1,16.5,18.200001,20.1,2-5,0
99.5,-.35210001,15.2187,.082060002,12,13,14,15.2,16.5,18,19.700001,2-5,1
100,-.35210001,15.1637,.081979997,12,12.9,14,15.2,16.5,18,19.6,0-2,1
100,-.38330001,15.2246,.090879999,11.7,12.8,13.9,15.2,16.700001,18.4,20.299999,2-5,0
100,-.35210001,15.3576,.082290001,12.1,13.1,14.2,15.4,16.700001,18.200001,19.9,2-5,1
100,-.38330001,15.0267,.090690002,11.6,12.6,13.7,15,16.5,18.1,20,0-2,0
100.5,-.35210001,15.3018,.082199998,12.1,13,14.1,15.3,16.6,18.1,19.799999,0-2,1
100.5,-.38330001,15.1676,.090829998,11.7,12.7,13.9,15.2,16.6,18.299999,20.200001,0-2,0
100.5,-.38330001,15.3687,.091020003,11.9,12.9,14.1,15.4,16.9,18.6,20.5,2-5,0
100.5,-.35210001,15.4985,.082520001,12.2,13.2,14.3,15.5,16.9,18.4,20.1,2-5,1
101,-.35210001,15.6412,.082769997,12.3,13.3,14.4,15.6,17,18.5,20.299999,2-5,1
101,-.38330001,15.3108,.090960003,11.8,12.8,14,15.3,16.799999,18.5,20.4,0-2,0
101,-.35210001,15.4419,.082429998,12.2,13.2,14.2,15.4,16.799999,18.299999,20,0-2,1
101,-.38330001,15.5154,.091159999,12,13,14.2,15.5,17,18.700001,20.700001,2-5,0
101.5,-.38330001,15.6646,.091310002,12.1,13.1,14.3,15.7,17.200001,18.9,20.9,2-5,0
101.5,-.35210001,15.5838,.082670003,12.3,13.3,14.4,15.6,16.9,18.5,20.200001,0-2,1
101.5,-.38330001,15.4564,.0911,11.9,13,14.1,15.5,17,18.700001,20.6,0-2,0
101.5,-.35210001,15.7857,.083020002,12.4,13.4,14.5,15.8,17.200001,18.700001,20.5,2-5,1
102,-.35210001,15.932,.083279997,12.5,13.6,14.7,15.9,17.299999,18.9,20.700001,2-5,1
102,-.35210001,15.7276,.08292,12.4,13.4,14.5,15.7,17.1,18.700001,20.4,0-2,1
102,-.38330001,15.8164,.091459997,12.2,13.3,14.5,15.8,17.4,19.1,21.1,2-5,0
102,-.38330001,15.6046,.091250002,12,13.1,14.3,15.6,17.1,18.9,20.799999,0-2,0
102.5,-.35210001,15.8732,.083169997,12.5,13.5,14.6,15.9,17.299999,18.799999,20.6,0-2,1
102.5,-.38330001,15.9707,.09161,12.3,13.4,14.6,16,17.5,19.299999,21.4,2-5,0
102.5,-.38330001,15.7553,.091389999,12.1,13.2,14.4,15.8,17.299999,19,21,0-2,0
102.5,-.35210001,16.080099,.08354,12.6,13.7,14.8,16.1,17.5,19.1,20.9,2-5,1
103,-.35210001,16.229799,.083810002,12.8,13.8,14.9,16.200001,17.700001,19.299999,21.1,2-5,1
103,-.38330001,15.9087,.09155,12.3,13.3,14.5,15.9,17.5,19.200001,21.299999,0-2,0
103,-.38330001,16.1276,.091770001,12.4,13.5,14.7,16.1,17.700001,19.5,21.6,2-5,0
103,-.35210001,16.020599,.08343,12.6,13.6,14.8,16,17.4,19,20.799999,0-2,1
103.5,-.35210001,16.381201,.084080003,12.9,13.9,15.1,16.4,17.799999,19.5,21.299999,2-5,1
103.5,-.38330001,16.064501,.091700003,12.4,13.5,14.7,16.1,17.6,19.4,21.5,0-2,0
103.5,-.35210001,16.169701,.083700001,12.7,13.7,14.9,16.200001,17.6,19.200001,21,0-2,1
103.5,-.38330001,16.287001,.091930002,12.5,13.6,14.9,16.299999,17.9,19.700001,21.799999,2-5,0
104,-.38330001,16.2229,.091859996,12.5,13.6,14.8,16.200001,17.799999,19.6,21.700001,0-2,0
104,-.35210001,16.534201,.084360003,13,14,15.2,16.5,18,19.700001,21.6,2-5,1
104,-.38330001,16.448799,.092090003,12.6,13.8,15,16.4,18.1,19.9,22,2-5,0
104,-.35210001,16.3204,.083970003,12.8,13.9,15,16.299999,17.799999,19.4,21.200001,0-2,1
104.5,-.38330001,16.6131,.092260003,12.8,13.9,15.2,16.6,18.200001,20.1,22.299999,2-5,0
104.5,-.38330001,16.383699,.092030004,12.6,13.7,15,16.4,18,19.799999,21.9,0-2,0
104.5,-.35210001,16.472799,.084250003,12.9,14,15.2,16.5,17.9,19.6,21.5,0-2,1
104.5,-.35210001,16.6889,.084639996,13.1,14.2,15.4,16.700001,18.200001,19.9,21.799999,2-5,1
105,-.38330001,16.780001,.092430003,12.9,14,15.3,16.799999,18.4,20.299999,22.5,2-5,0
105,-.35210001,16.626801,.084530003,13,14.1,15.3,16.6,18.1,19.799999,21.700001,0-2,1
105,-.35210001,16.8454,.084930003,13.2,14.3,15.5,16.799999,18.4,20.1,22,2-5,1
105,-.38330001,16.547001,.092189997,12.7,13.8,15.1,16.5,18.200001,20,22.200001,0-2,0
105.5,-.35210001,17.003599,.085210003,13.3,14.4,15.6,17,18.5,20.299999,22.200001,2-5,1
105.5,-.38330001,16.9496,.092610002,13,14.2,15.5,16.9,18.6,20.5,22.700001,2-5,0
105.5,-.38330001,16.7129,.092359997,12.8,14,15.3,16.700001,18.4,20.200001,22.4,0-2,0
105.5,-.35210001,16.7826,.084810004,13.2,14.2,15.4,16.799999,18.299999,20,21.9,0-2,1
106,-.38330001,16.881399,.092540003,13,14.1,15.4,16.9,18.5,20.5,22.6,0-2,0
106,-.35210001,17.1637,.085510001,13.4,14.5,15.8,17.200001,18.700001,20.5,22.5,2-5,1
106,-.35210001,16.9401,.085100003,13.3,14.4,15.6,16.9,18.5,20.200001,22.1,0-2,1
106,-.38330001,17.122,.092780001,13.1,14.3,15.6,17.1,18.799999,20.799999,23,2-5,0
106.5,-.35210001,17.3256,.0858,13.5,14.7,15.9,17.299999,18.9,20.700001,22.700001,2-5,1
106.5,-.38330001,17.2973,.09296,13.3,14.5,15.8,17.299999,19,21,23.200001,2-5,0
106.5,-.35210001,17.099501,.085390002,13.4,14.5,15.7,17.1,18.6,20.4,22.4,0-2,1
106.5,-.38330001,17.0527,.092710003,13.1,14.3,15.6,17.1,18.700001,20.700001,22.9,0-2,0
107,-.35210001,17.2607,.08568,13.5,14.6,15.9,17.299999,18.799999,20.6,22.6,0-2,1
107,-.35210001,17.489401,.086110003,13.7,14.8,16.1,17.5,19.1,20.9,22.9,2-5,1
107,-.38330001,17.2269,.092890002,13.2,14.4,15.7,17.200001,18.9,20.9,23.1,0-2,0
107,-.38330001,17.4755,.093149997,13.4,14.6,15.9,17.5,19.200001,21.200001,23.5,2-5,0
107.5,-.38330001,17.6567,.093330003,13.5,14.7,16.1,17.700001,19.4,21.4,23.700001,2-5,0
107.5,-.38330001,17.4039,.09307,13.3,14.5,15.9,17.4,19.1,21.1,23.4,0-2,0
107.5,-.35210001,17.4237,.085989997,13.6,14.7,16,17.4,19,20.799999,22.799999,0-2,1
107.5,-.35210001,17.655001,.086410001,13.8,14.9,16.200001,17.700001,19.299999,21.1,23.200001,2-5,1
108,-.35210001,17.822599,.086730003,13.9,15.1,16.4,17.799999,19.5,21.299999,23.4,2-5,1
108,-.38330001,17.5839,.093259998,13.5,14.7,16,17.6,19.299999,21.299999,23.6,0-2,0
108,-.38330001,17.8407,.093520001,13.7,14.9,16.299999,17.799999,19.6,21.700001,24,2-5,0
108,-.35210001,17.588499,.086290002,13.7,14.9,16.200001,17.6,19.200001,21,23.1,0-2,1
108.5,-.38330001,17.7668,.093440004,13.6,14.8,16.200001,17.799999,19.5,21.6,23.9,0-2,0
108.5,-.38330001,18.0277,.093709998,13.8,15,16.4,18,19.799999,21.9,24.299999,2-5,0
108.5,-.35210001,17.992399,.08704,14,15.2,16.5,18,19.700001,21.5,23.700001,2-5,1
108.5,-.35210001,17.755301,.086599998,13.8,15,16.299999,17.799999,19.4,21.200001,23.299999,0-2,1
109,-.35210001,18.164499,.087360002,14.1,15.3,16.700001,18.200001,19.799999,21.799999,23.9,2-5,1
109,-.35210001,17.9242,.086910002,14,15.1,16.5,17.9,19.6,21.4,23.6,0-2,1
109,-.38330001,18.2174,.093900003,13.9,15.2,16.6,18.200001,20,22.1,24.5,2-5,0
109,-.38330001,17.9526,.093630001,13.7,15,16.4,18,19.700001,21.799999,24.200001,0-2,0
109.5,-.35210001,18.0954,.087229997,14.1,15.3,16.6,18.1,19.799999,21.700001,23.799999,0-2,1
109.5,-.35210001,18.339001,.087679997,14.3,15.5,16.799999,18.299999,20,22,24.200001,2-5,1
109.5,-.38330001,18.141199,.093819998,13.9,15.1,16.5,18.1,20,22,24.4,0-2,0
109.5,-.38330001,18.409599,.09409,14.1,15.4,16.799999,18.4,20.299999,22.4,24.799999,2-5,0
110,-.35210001,18.2689,.087549999,14.2,15.4,16.799999,18.299999,20,21.9,24.1,0-2,1
110,-.38330001,18.6043,.094279997,14.2,15.5,17,18.6,20.5,22.6,25.1,2-5,0
110,-.38330001,18.332399,.094010003,14,15.3,16.700001,18.299999,20.200001,22.299999,24.700001,0-2,0
110,-.35210001,18.5158,.088,14.4,15.6,17,18.5,20.200001,22.200001,24.4,2-5,1
110.5,-.35210001,18.694799,.088320002,14.5,15.8,17.1,18.700001,20.4,22.4,24.700001,2-5,1
110.5,-.38330001,18.8015,.09448,14.4,15.7,17.1,18.799999,20.700001,22.9,25.4,2-5,0
111,-.38330001,19.0009,.094669998,14.5,15.8,17.299999,19,20.9,23.1,25.700001,2-5,0
111,-.35210001,18.8759,.088639997,14.6,15.9,17.299999,18.9,20.700001,22.700001,25,2-5,1
111.5,-.38330001,19.2024,.094870001,14.7,16,17.5,19.200001,21.200001,23.4,26,2-5,0
111.5,-.35210001,19.059,.088959999,14.8,16,17.5,19.1,20.9,22.9,25.200001,2-5,1
112,-.35210001,19.2439,.089280002,14.9,16.200001,17.6,19.200001,21.1,23.1,25.5,2-5,1
112,-.38330001,19.406,.095069997,14.8,16.200001,17.700001,19.4,21.4,23.6,26.200001,2-5,0
112.5,-.35210001,19.430401,.089599997,15,16.299999,17.799999,19.4,21.299999,23.4,25.799999,2-5,1
112.5,-.38330001,19.611601,.09527,15,16.299999,17.9,19.6,21.6,23.9,26.5,2-5,0
113,-.35210001,19.6185,.089910001,15.2,16.5,18,19.6,21.5,23.6,26,2-5,1
113,-.38330001,19.819,.095459998,15.1,16.5,18,19.799999,21.799999,24.200001,26.799999,2-5,0
113.5,-.38330001,20.028,.095660001,15.3,16.700001,18.200001,20,22.1,24.4,27.1,2-5,0
113.5,-.35210001,19.8081,.090219997,15.3,16.6,18.1,19.799999,21.700001,23.9,26.299999,2-5,1
114,-.38330001,20.238501,.095859997,15.4,16.799999,18.4,20.200001,22.299999,24.700001,27.4,2-5,0
114,-.35210001,19.999001,.090539999,15.4,16.799999,18.299999,20,21.9,24.1,26.6,2-5,1
114.5,-.38330001,20.450199,.09606,15.6,17,18.6,20.5,22.6,25,27.799999,2-5,0
114.5,-.35210001,20.1912,.090850003,15.6,16.9,18.5,20.200001,22.1,24.4,26.9,2-5,1
115,-.38330001,20.662901,.096259996,15.7,17.200001,18.799999,20.700001,22.799999,25.200001,28.1,2-5,0
115,-.35210001,20.3846,.091159999,15.7,17.1,18.6,20.4,22.4,24.6,27.200001,2-5,1
115.5,-.35210001,20.578899,.091470003,15.8,17.200001,18.799999,20.6,22.6,24.9,27.5,2-5,1
115.5,-.38330001,20.8766,.09646,15.9,17.299999,19,20.9,23,25.5,28.4,2-5,0
116,-.35210001,20.774099,.091770001,16,17.4,19,20.799999,22.799999,25.1,27.799999,2-5,1
116,-.38330001,21.0909,.096660003,16,17.5,19.200001,21.1,23.299999,25.799999,28.700001,2-5,0
116.5,-.35210001,20.969999,.092079997,16.1,17.5,19.200001,21,23,25.4,28,2-5,1
116.5,-.38330001,21.305901,.096859999,16.200001,17.700001,19.4,21.299999,23.5,26.1,29,2-5,0
117,-.35210001,21.166599,.092390001,16.200001,17.700001,19.299999,21.200001,23.299999,25.6,28.299999,2-5,1
117,-.38330001,21.521299,.097070001,16.299999,17.799999,19.6,21.5,23.799999,26.299999,29.299999,2-5,0
117.5,-.35210001,21.3636,.092699997,16.4,17.9,19.5,21.4,23.5,25.9,28.6,2-5,1
117.5,-.38330001,21.737,.097269997,16.5,18,19.799999,21.700001,24,26.6,29.6,2-5,0
118,-.38330001,21.9529,.09747,16.6,18.200001,19.9,22,24.200001,26.9,29.9,2-5,0
118,-.35210001,21.5611,.093000002,16.5,18,19.700001,21.6,23.700001,26.1,28.9,2-5,1
118.5,-.35210001,21.758801,.093309999,16.700001,18.200001,19.9,21.799999,23.9,26.4,29.200001,2-5,1
118.5,-.38330001,22.169001,.097669996,16.799999,18.4,20.1,22.200001,24.5,27.200001,30.299999,2-5,0
119,-.38330001,22.385099,.097879998,16.9,18.5,20.299999,22.4,24.700001,27.4,30.6,2-5,0
119,-.35210001,21.9568,.093620002,16.799999,18.299999,20,22,24.1,26.6,29.5,2-5,1
119.5,-.35210001,22.1549,.093929999,16.9,18.5,20.200001,22.200001,24.4,26.9,29.799999,2-5,1
119.5,-.38330001,22.6012,.098080002,17.1,18.700001,20.5,22.6,25,27.700001,30.9,2-5,0
120,-.35210001,22.353001,.094240002,17.1,18.6,20.4,22.4,24.6,27.200001,30.1,2-5,1
120,-.38330001,22.817301,.098279998,17.299999,18.9,20.700001,22.799999,25.200001,28,31.200001,2-5,0
